<?xml version="1.0" encoding="utf-8"?>
<modification>
    <id>Kreatiwe GS Customer restriction</id>
    <version>1.0</version>
	<vqmver>2.x</vqmver>
    <author>Team Kreatiwe</author>
	<website>https://www.opencart.com/index.php?route=marketplace/extension&amp;filter_member=kreatiwe</website>
	
	<!-- Customer Restriction for customers -->
	<file name="admin/controller/customer/customer.php">
		<operation error="skip">
            <search position="replace" offset="2"><![CDATA[
				$customer_total = $this->model_customer_customer->getTotalCustomers($filter_data);
			]]></search>
            <add><![CDATA[
				// if gs_customer_to_user module is inactive or if active with privilage greanted then show all customers
				$this->load->model('crm/customer');		 
				$logged_in_user_id = $this->session->data['user_id'];
				
				if($this->model_crm_customer->showAll($logged_in_user_id, $this->config->get('config_gs_customer_to_user'))) {		
					$customer_total = $this->model_customer_customer->getTotalCustomers($filter_data);
					$results = $this->model_customer_customer->getCustomers($filter_data);
				} else {			
					$customer_total = $this->model_crm_customer->getTotalCustomers($filter_data, $logged_in_user_id);
					$results = $this->model_crm_customer->getCustomers($filter_data, $logged_in_user_id);			
				}
			]]></add>
        </operation>
		<!-- retrict autocomplete ofor customers -->
		<operation error="skip">
            <search position="replace"><![CDATA[
				$results = $this->model_customer_customer->getCustomers($filter_data);
			]]></search>
            <add><![CDATA[
				// if gs_customer_to_user module is inactive or if active with privilage greanted then show all customers
				$this->load->model('crm/customer');		 
				$logged_in_user_id = $this->session->data['user_id'];
				
				if($this->model_crm_customer->showAll($logged_in_user_id, $this->config->get('config_gs_customer_to_user'))) {		
					$results = $this->model_customer_customer->getCustomers($filter_data);
				} else {			
					$results = $this->model_crm_customer->getCustomers($filter_data, $logged_in_user_id);
				}
			]]></add>
        </operation>
	</file>
	<!-- Customer Restriction for orders -->
	<file name="admin/controller/sale/order.php">
		<operation error="skip">
            <search position="replace" offset="2"><![CDATA[
				$order_total = $this->model_sale_order->getTotalOrders($filter_data);
			]]></search>
            <add><![CDATA[
				// if gs_customer_to_user module is inactive or if active with privilage greanted then show all customers
				$this->load->model('crm/customer');
				$logged_in_user_id = $this->session->data['user_id'];
				
				if($this->model_crm_customer->showAll($logged_in_user_id, $this->config->get('config_gs_customer_to_user'))) {				
					$order_total = $this->model_sale_order->getTotalOrders($filter_data);
					$results = $this->model_sale_order->getOrders($filter_data);
				} else {					
					$this->load->model('crm/order');
					$order_total = $this->model_crm_order->getTotalOrders($filter_data, $logged_in_user_id);
					$results = $this->model_crm_order->getOrders($filter_data, $logged_in_user_id);				
				}
			]]></add>
        </operation>
	</file>
	<!-- Customer Restriction for reports -->
	<file name="admin/controller/report/sale_order.php">
		<operation error="skip">
            <search position="replace" offset="2"><![CDATA[
				$order_total = $this->model_report_sale->getTotalOrders($filter_data);
			]]></search>
            <add><![CDATA[
				// if gs_customer_to_user module is inactive or if active with privilage greanted then show all customers
				$this->load->model('crm/customer');
				
					
				$logged_in_user_id = $this->session->data['user_id'];

				if($this->model_crm_customer->showAll($logged_in_user_id, $this->config->get('config_gs_customer_to_user'))) {
					$order_total = $this->model_report_sale->getTotalOrders($filter_data);
					$results = $this->model_report_sale->getOrders($filter_data);
				} else {
					$this->load->model('crm/report_sale');
					$order_total = $this->model_crm_report_sale->getTotalOrders($filter_data, $logged_in_user_id);

					$results = $this->model_crm_report_sale->getOrders($filter_data, $logged_in_user_id);
			
				}
			]]></add>
        </operation>
	</file>
	<file name="admin/controller/report/customer_activity.php">
		<operation error="skip">
            <search position="replace" offset="2"><![CDATA[
				$activity_total = $this->model_report_customer->getTotalCustomerActivities($filter_data);
			]]></search>
            <add><![CDATA[
				// if gs_customer_to_user module is inactive or if active with privilage greanted then show all customers
				$this->load->model('crm/customer');
				$logged_in_user_id = $this->session->data['user_id'];
				
				if($this->model_crm_customer->showAll($logged_in_user_id, $this->config->get('config_gs_customer_to_user'))) {
					$activity_total = $this->model_report_customer->getTotalCustomerActivities($filter_data);
					$results = $this->model_report_customer->getCustomerActivities($filter_data);
				} else {
					$this->load->model('crm/report_customer');
					$activity_total = $this->model_crm_report_customer->getTotalCustomerActivities($filter_data, $logged_in_user_id);
					$results = $this->model_crm_report_customer->getCustomerActivities($filter_data, $logged_in_user_id);
				}
			]]></add>
        </operation>
	</file>
	<file name="admin/controller/report/customer_online.php">
		<operation error="skip">
            <search position="replace" offset="2"><![CDATA[
				$customer_total = $this->model_report_customer->getTotalCustomersOnline($filter_data);
			]]></search>
            <add><![CDATA[
				// if gs_customer_to_user module is inactive or if active with privilage greanted then show all customers
				$this->load->model('crm/customer');
				$logged_in_user_id = $this->session->data['user_id'];
				
				if($this->model_crm_customer->showAll($logged_in_user_id, $this->config->get('config_gs_customer_to_user'))) {
					$customer_total = $this->model_report_customer->getTotalCustomersOnline($filter_data);
					$results = $this->model_report_customer->getCustomersOnline($filter_data);
				} else {
					$this->load->model('crm/report_customer');
					$customer_total = $this->model_crm_report_customer->getTotalCustomersOnline($filter_data, $logged_in_user_id);
					$results = $this->model_crm_report_customer->getCustomersOnline($filter_data, $logged_in_user_id);
				}
			]]></add>
        </operation>
	</file>
	<file name="admin/controller/report/customer_search.php">
		<operation error="skip">
            <search position="replace" offset="2"><![CDATA[
				$search_total = $this->model_report_customer->getTotalCustomerSearches($filter_data);
			]]></search>
            <add><![CDATA[
				// if gs_customer_to_user module is inactive or if active with privilage greanted then show all customers
				$this->load->model('crm/customer');
				$logged_in_user_id = $this->session->data['user_id'];
				
				if($this->model_crm_customer->showAll($logged_in_user_id, $this->config->get('config_gs_customer_to_user'))) {
					$search_total = $this->model_report_customer->getTotalCustomerSearches($filter_data);
					$results = $this->model_report_customer->getCustomerSearches($filter_data);
				} else {
					$this->load->model('crm/report_customer');
					$search_total = $this->model_crm_report_customer->getTotalCustomerSearches($filter_data, $logged_in_user_id);
					$results = $this->model_crm_report_customer->getCustomerSearches($filter_data, $logged_in_user_id);
				}
			]]></add>
        </operation>
	</file>
	<file name="admin/controller/report/customer_order.php">
		<operation error="skip">
            <search position="replace" offset="2"><![CDATA[
				$customer_total = $this->model_report_customer->getTotalOrders($filter_data);
			]]></search>
            <add><![CDATA[
				// if gs_customer_to_user module is inactive or if active with privilage greanted then show all customers
				$this->load->model('crm/customer');
				$logged_in_user_id = $this->session->data['user_id'];
				
				if($this->model_crm_customer->showAll($logged_in_user_id, $this->config->get('config_gs_customer_to_user'))) {
					$customer_total = $this->model_report_customer->getTotalOrders($filter_data);
					$results = $this->model_report_customer->getOrders($filter_data);
				} else {
					$this->load->model('crm/report_customer');
					$customer_total = $this->model_crm_report_customer->getTotalOrders($filter_data, $logged_in_user_id);
					$results = $this->model_crm_report_customer->getOrders($filter_data, $logged_in_user_id);
				}
			]]></add>
        </operation>
	</file>
	<!-- Customer Restriction for dashboard -->
	<file name="admin/controller/extension/dashboard/order.php">
		<operation error="skip">
            <search position="replace" offset="2"><![CDATA[
				$today = $this->model_sale_order->getTotalOrders(array('filter_date_added' => date('Y-m-d', strtotime('-1 day'))));
			]]></search>
            <add><![CDATA[
				// if gs_customer_to_user module is inactive or if active with privilage greanted then show all customers
				$this->load->model('crm/customer');
				 
				$logged_in_user_id = $this->session->data['user_id'];

				if($this->model_crm_customer->showAll($logged_in_user_id, $this->config->get('config_gs_customer_to_user'))) {
					$today = $this->model_sale_order->getTotalOrders(array('filter_date_added' => date('Y-m-d', strtotime('-1 day'))));
					$yesterday = $this->model_sale_order->getTotalOrders(array('filter_date_added' => date('Y-m-d', strtotime('-2 day'))));
				} else {
					$this->load->model('crm/order');
					$today = $this->model_crm_order->getTotalOrders(array('filter_date_added' => date('Y-m-d', strtotime('-1 day'))), $logged_in_user_id);
					$yesterday = $this->model_crm_order->getTotalOrders(array('filter_date_added' => date('Y-m-d', strtotime('-2 day'))), $logged_in_user_id);
					$order_total = $this->model_crm_order->getTotalOrders(array(),$logged_in_user_id);
				}
			]]></add>
        </operation>
		<operation> 
			<search trim="true"><![CDATA[
					$order_total = $this->model_sale_order->getTotalOrders();
			]]></search> 
			<add position="replace"><![CDATA[
				if($this->model_crm_customer->showAll($logged_in_user_id, $this->config->get('config_gs_customer_to_user'))) {
					$order_total = $this->model_sale_order->getTotalOrders();
				}
			]]></add>
		</operation>
	</file>
	<file name="admin/controller/extension/dashboard/customer.php">
		<operation error="skip">
            <search position="replace" offset="2"><![CDATA[
				$today = $this->model_customer_customer->getTotalCustomers(array('filter_date_added' => date('Y-m-d', strtotime('-1 day'))));
			]]></search>
            <add><![CDATA[
				// if gs_customer_to_user module is inactive or if active with privilage greanted then show all customers
				$this->load->model('crm/customer');		 
				$logged_in_user_id = $this->session->data['user_id'];
				if($this->model_crm_customer->showAll($logged_in_user_id, $this->config->get('config_gs_customer_to_user'))) {		
					$today = $this->model_customer_customer->getTotalCustomers(array('filter_date_added' => date('Y-m-d', strtotime('-1 day'))));
					$yesterday = $this->model_customer_customer->getTotalCustomers(array('filter_date_added' => date('Y-m-d', strtotime('-2 day'))));
				} else {
					$today = $this->model_crm_customer->getTotalCustomers(array('filter_date_added' => date('Y-m-d', strtotime('-1 day'))),$logged_in_user_id);
					$yesterday = $this->model_crm_customer->getTotalCustomers(array('filter_date_added' => date('Y-m-d', strtotime('-2 day'))),$logged_in_user_id);
					$customer_total = $this->model_crm_customer->getTotalCustomers(array(), $logged_in_user_id);
				}
			]]></add>
        </operation>
		<operation> 
			<search trim="true"><![CDATA[
				$customer_total = $this->model_customer_customer->getTotalCustomers();
			]]></search> 
			<add position="replace"><![CDATA[
				if($this->model_crm_customer->showAll($logged_in_user_id, $this->config->get('config_gs_customer_to_user'))) {		
					$customer_total = $this->model_customer_customer->getTotalCustomers();
				}
			]]></add>
		</operation>
	</file>
	<file name="admin/controller/extension/dashboard/online.php">
		<operation error="skip">
            <search position="replace"><![CDATA[
				$online_total = $this->model_report_customer->getTotalCustomersOnline();
			]]></search>
            <add><![CDATA[
				// if gs_customer_to_user module is inactive or if active with privilage greanted then show all customers
				$this->load->model('crm/customer');				 
				$logged_in_user_id = $this->session->data['user_id'];

				if($this->model_crm_customer->showAll($logged_in_user_id, $this->config->get('config_gs_customer_to_user'))) {
					$online_total = $this->model_report_customer->getTotalCustomersOnline();
				} else {
					$this->load->model('crm/report_customer');
					$online_total = $this->model_crm_report_customer->getTotalCustomersOnline(array(), $logged_in_user_id);
				}
			]]></add>
        </operation>
	</file>
	<file name="admin/controller/extension/dashboard/sale.php">
		<operation error="skip">
            <search position="replace" offset="2"><![CDATA[
				$today = $this->model_report_sale->getTotalSales(array('filter_date_added' => date('Y-m-d', strtotime('-1 day'))));
			]]></search>
            <add><![CDATA[
				// if gs_customer_to_user module is inactive or if active with privilage greanted then show all customers
				$this->load->model('crm/customer');
				$logged_in_user_id = $this->session->data['user_id'];

				if($this->model_crm_customer->showAll($logged_in_user_id, $this->config->get('config_gs_customer_to_user'))) {
					$today = $this->model_report_sale->getTotalSales(array('filter_date_added' => date('Y-m-d', strtotime('-1 day'))));
					$yesterday = $this->model_report_sale->getTotalSales(array('filter_date_added' => date('Y-m-d', strtotime('-2 day'))));
				} else {
					$this->load->model('crm/report_sale');
					$today = $this->model_crm_report_sale->getTotalSales(array('filter_date_added' => date('Y-m-d', strtotime('-1 day'))),$logged_in_user_id);
					$yesterday = $this->model_crm_report_sale->getTotalSales(array('filter_date_added' => date('Y-m-d', strtotime('-2 day'))),$logged_in_user_id);
					$sale_total = $this->model_crm_report_sale->getTotalSales(array(),$logged_in_user_id);
				}
			]]></add>
        </operation>
		<operation> 
			<search trim="true"><![CDATA[
				$sale_total = $this->model_report_sale->getTotalSales();
			]]></search> 
			<add position="replace"><![CDATA[
				if($this->model_crm_customer->showAll($logged_in_user_id, $this->config->get('config_gs_customer_to_user'))) {
					$sale_total = $this->model_report_sale->getTotalSales();
				}		
			]]></add>
		</operation>
	</file>
	<file name="admin/controller/extension/dashboard/activity.php">
		<operation error="skip">
            <search position="replace"><![CDATA[
				$results = $this->model_report_activity->getActivities();
			]]></search>
            <add><![CDATA[
				// if gs_customer_to_user module is inactive or if active with privilage greanted then show all customers
				$this->load->model('crm/customer');
				$logged_in_user_id = $this->session->data['user_id'];

				if($this->model_crm_customer->showAll($logged_in_user_id, $this->config->get('config_gs_customer_to_user'))) {
					$results = $this->model_report_activity->getActivities();
				} else {
					$this->load->model('crm/report_activity');
					$results = $this->model_crm_report_activity->getActivities($logged_in_user_id);
				}
			]]></add>
        </operation>
	</file>
	<file name="admin/controller/extension/dashboard/recent.php">
		<operation error="skip">
            <search position="replace"><![CDATA[
				$results = $this->model_sale_order->getOrders($filter_data);
			]]></search>
            <add><![CDATA[
				// if gs_customer_to_user module is inactive or if active with privilage greanted then show all customers
				$this->load->model('crm/customer');
				$logged_in_user_id = $this->session->data['user_id'];

				if($this->model_crm_customer->showAll($logged_in_user_id, $this->config->get('config_gs_customer_to_user'))) {
					$results = $this->model_sale_order->getOrders($filter_data);
				} else {
					$this->load->model('crm/order');
					$results = $this->model_crm_order->getOrders($filter_data, $logged_in_user_id);
				}
			]]></add>
        </operation>
	</file>
</modification>