<?xml version="1.0" encoding="utf-8"?>
<modification>
    <id>Kreatiwe POS order mail logo Custimization</id>
    <version>1.0</version>
	<vqmver>2.x</vqmver>
    <author>Team Kreatiwe</author>
	<website>https://www.opencart.com/index.php?route=marketplace/extension&amp;filter_member=kreatiwe</website>
	
	<file name="catalog/model/checkout/order.php">
		<operation error="skip">
            <search position="replace"><![CDATA[
				public function addOrderHistory($order_id, $order_status_id, $comment = '', $notify = false, $override = false) {
			]]></search>
            <add><![CDATA[
				public function addOrderHistory($order_id, $order_status_id, $comment = '', $notify = false, $override = false,$is_pos_order = false) {
			]]></add>
        </operation>
	</file>
	<file name="catalog/controller/mail/order.php">
	<!-- Customer mail alert changes for POS-->
		<operation error="skip">
            <search position="before" offset="1" index="1"><![CDATA[
				$order_info = $this->model_checkout_order->getOrder($order_id);
			]]></search>
            <add><![CDATA[
				if (isset($args[4])) {
					$is_pos_order = $args[4];
				} else {
					$is_pos_order = '';
				}
			]]></add>
        </operation>
		<operation error="skip">
            <search position="replace"><![CDATA[
				$this->add($order_info, $order_status_id, $comment, $notify);
			]]></search>
            <add><![CDATA[
				$this->add($order_info, $order_status_id, $comment, $notify,$is_pos_order);
			]]></add>
        </operation>
		<operation error="skip">
            <search position="replace"><![CDATA[
				public function add($order_info, $order_status_id, $comment, $notify) {
			]]></search>
            <add><![CDATA[
				public function add($order_info, $order_status_id, $comment, $notify,$is_pos_order = false) {
			]]></add>
        </operation>
		<operation error="skip">
            <search position="replace"><![CDATA[
				$data['logo'] = $order_info['store_url'] . 'image/' . $this->config->get('config_logo');
			]]></search>
            <add><![CDATA[
				if(!$is_pos_order){
					$data['logo'] = $order_info['store_url'] . 'image/' . $this->config->get('config_logo');
				}
				else{
					$data['logo'] = $order_info['store_url'] . 'image/' . $this->config->get('wkpos_kreatiwe_pos_order_logo');
				}
			]]></add>
        </operation>

	</file>
</modification>