<?xml version="1.0" encoding="utf-8"?>
<!-- For 3.0.0.0_3.0.1.1_3.0.1.2_3.0.2.0 -->
<modification>
    <name>Kreatiwe Customer Company Filter</name>
    <version>1.0</version>
    <author>Team Kreatiwe (teamkreatiwe@gmail.com)</author>
	<link>http://teamkreatiweoc.adityakandele.com/</link>
	<code>kreatiwe_company_filter</code>
	<!-- Kreatiwe add Customer Company Filter -->
	<file path="admin/controller/customer/customer.php"> 
		<operation> 
			<search ><![CDATA[protected function getList() {]]>
			</search> 
			<add position="after"><![CDATA[		  
			if (isset($this->request->get['filter_company'])) {
				$filter_company = $this->request->get['filter_company'];
				$filter_company_url = '&filter_company=' . urlencode(html_entity_decode($this->request->get['filter_company'], ENT_QUOTES, 'UTF-8'));

			} else {
				$filter_company = null;
				$filter_company_url = '';
			} ]]>
			</add>
		</operation>			
		<operation> 
			<search index ="6,7"><![CDATA[$url = '';]]>
			</search> 
			<add position="after"><![CDATA[		  
			$url.= $filter_company_url;
			]]>
			</add>
		</operation>
		<operation> 
			<search index ="1"><![CDATA[$filter_data = array(]]>
			</search> 
			<add position="after"><![CDATA[		  
			'filter_company'  => $filter_company,
			]]>
			</add>
		</operation>
		<operation> 
			<search><![CDATA[$data['filter_date_added'] = $filter_date_added;]]>
			</search> 
			<add position="after"><![CDATA[		  
				$data['filter_company'] = $filter_company;
			]]>
			</add>
		</operation>
	</file>
	<file path="admin/model/customer/customer.php"> 
		<operation> 
			<search index ="1"><![CDATA[$implode = array();]]>
			</search> 
			<add position="after"><![CDATA[					
			if (!empty($data['filter_company'])) {
				$implode[] = "c.customer_id IN (select customer_id FROM " . DB_PREFIX . "address where company LIKE '%" . $this->db->escape($data['filter_company']) . "%')";
			} ]]>
			</add>
		</operation>
		<operation> 
			<search index ="2"><![CDATA[$implode = array();]]>
			</search> 
			<add position="after"><![CDATA[					
			if (!empty($data['filter_company'])) {
				$implode[] = "customer_id IN (select customer_id FROM " . DB_PREFIX . "address where company LIKE '%" . $this->db->escape($data['filter_company']) . "%')";
			} ]]>
			</add>
		</operation>			
	</file>
	<file path="admin/view/template/customer/customer_list.twig"> 
		<operation> 
			<search index ="1"><![CDATA[<div class="form-group">]]>
			</search> 
			<add position="before"><![CDATA[					
			<div class="form-group">
              <label class="control-label" for="input-name">{{ entry_company }}</label>
              <input type="text" name="filter_company" value="{{ filter_company }}" placeholder="{{ entry_company }}" id="input-company" class="form-control" />
            </div>
     		]]>
			</add>
		</operation>
		<operation> 
			<search index ="1"><![CDATA[var filter_name = $('input[name=\'filter_name\']').val();]]>
			</search> 
			<add position="before"><![CDATA[					
			var filter_company = $('input[name=\'filter_company\']').val();
			
			if (filter_company) {
				url += '&filter_company=' + encodeURIComponent(filter_company);
			}
     		]]>
			</add>
		</operation>
	</file>
	<!-- Kreatiwe Show Customer Company Name  -->
	<file path="admin/controller/customer/customer.php">
		<operation error="skip">
            <search position="after"><![CDATA[
				$login_info = $this->model_customer_customer->getTotalLoginAttempts($result['email']);
			]]></search>
            <add><![CDATA[
            $companyResults = $this->model_customer_customer->getCustomerCompany($result['customer_id']);
			if(isset($companyResults['company'])){
				$companyFinal = $companyResults['company'];
			}
			else{
				$companyFinal = '';
			}
			
			
			/* $numItems = count($companyResults);
			$i = 0;
			foreach ($companyResults as $companyResult) {
				if($numItems === 1){
					$companyFinal = $companyResult['company'];
				}
				else{
					if(++$i === $numItems) {
						$companyFinal = $companyFinal . $companyResult['company'];
					}
					else{
						$companyFinal = $companyResult['company'] . ', ';
					}
				}
			} */
			]]></add>
        </operation>
        <operation error="skip">
            <search position="before"><![CDATA[
			'customer_id'    => $result['customer_id'],
			]]></search>
            <add><![CDATA[
            'company'    => $companyFinal,
			]]></add>
        </operation>
		<operation error="skip">
            <search position="before"><![CDATA[
			$data['column_name'] = $this->language->get('column_name');
			]]></search>
            <add><![CDATA[
            $data['column_company'] = $this->language->get('column_company');
			]]></add>
        </operation>
		<operation error="skip">
            <search position="before"><![CDATA[
				$data['sort_name'] = $this->url->link('customer/customer', 'user_token=' . $this->session->data['user_token'] . '&sort=name' . $url, true);
			]]></search>
            <add><![CDATA[
            	$data['sort_company'] = $this->url->link('customer/customer', 'user_token=' . $this->session->data['user_token'] . '&sort=company' . $url, true);
			]]></add>
        </operation>
	</file>
	<file path="admin/language/en-gb/customer/customer.php">
        <operation error="skip">
            <search position="before"><![CDATA[
			$_['column_name']
			]]></search>
            <add><![CDATA[
            $_['column_company']           = 'Company';
			]]></add>
        </operation>
	</file>
	<file path="admin/model/customer/customer.php">
        <operation error="skip">
            <search position="before"><![CDATA[
			public function getCustomer($customer_id) {
			]]></search>
            <add><![CDATA[
            public function getCustomerCompany($customer_id) {
				$query = $this->db->query("SELECT address.company FROM " . DB_PREFIX . "customer as customer INNER JOIN " . DB_PREFIX . "address as address ON customer.customer_id = address.customer_id WHERE customer.customer_id = '" . (int)$customer_id . "'");

				return $query->row;
			}
			]]></add>
        </operation>
	</file>
	<file path="admin/view/template/customer/customer_list.twig">
		<operation error="skip">
            <search position="before"><![CDATA[
			<td class="text-left">{% if sort == 'name' %}<a href="{{ sort_name }}" class="{{ order|lower }}">{{ column_name }}</a>{% else %}<a href="{{ sort_name }}">{{ column_name }}</a>{% endif %}</td>
			]]></search>
            <add><![CDATA[
				<td class="text-left">{% if sort == 'company' %}<a href="{{ sort_company }}" class="{{ order|lower }}">{{ column_company }}</a>{% else %}<a href="{{ sort_company }}">{{ column_company }}</a>{% endif %}</td>
			]]></add>
        </operation>
        <operation error="skip">
            <search position="before"><![CDATA[
				<td class="text-left">{{ customer.name }}</td>
			]]></search>
            <add><![CDATA[
				<td class="text-left">{{ customer.company }}</td>
			]]></add>
        </operation>
	</file>
</modification>