<?xml version="1.0" encoding="utf-8"?>
<!-- For 2.2.0.0_2.3.0.0_2.3.0.1_2.3.0.2 -->
<modification>
    <name>Kreatiwe Customer Company Filter</name>
    <version>1.0</version>
    <author>Team Kreatiwe (teamkreatiwe@gmail.com)</author>
    <link>http://teamkreatiweoc.adityakandele.com/</link>
	<code>kreatiwe_company_filter</code>
	<!-- Kreatiwe add Customer Company Filter -->
	<file path="admin/controller/customer/customer.php"> 
		<operation> 
			<search ><![CDATA[protected function getList() {]]>
			</search> 
			<add position="after"><![CDATA[		  
			if (isset($this->request->get['filter_company'])) {
				$filter_company = $this->request->get['filter_company'];
				$filter_company_url = '&filter_company=' . urlencode(html_entity_decode($this->request->get['filter_company'], ENT_QUOTES, 'UTF-8'));

			} else {
				$filter_company = null;
				$filter_company_url = '';
			} ]]>
			</add>
		</operation>			
		<operation> 
			<search index ="5,6"><![CDATA[$url = '';]]>
			</search> 
			<add position="after"><![CDATA[		  
			$url.= $filter_company_url;
			]]>
			</add>
		</operation>
		<operation> 
			<search index ="0"><![CDATA[$filter_data = array(]]>
			</search> 
			<add position="after"><![CDATA[		  
			'filter_company'  => $filter_company,
			]]>
			</add>
		</operation>	
		<operation> 
			<search><![CDATA[$data['entry_date_added'] = $this->language->get('entry_date_added');]]>
			</search> 
			<add position="after"><![CDATA[		  
			$data['entry_company'] = $this->language->get('entry_company');
			]]>
			</add>
		</operation>
		<operation> 
			<search><![CDATA[$data['filter_date_added'] = $filter_date_added;]]>
			</search> 
			<add position="after"><![CDATA[		  
				$data['filter_company'] = $filter_company;
			]]>
			</add>
		</operation>
	</file>
	<file path="admin/model/customer/customer.php"> 
		<operation> 
			<search index ="0"><![CDATA[$implode = array();]]>
			</search> 
			<add position="after"><![CDATA[					
			if (!empty($data['filter_company'])) {
				$implode[] = "c.customer_id IN (select customer_id FROM " . DB_PREFIX . "address where company LIKE '%" . $this->db->escape($data['filter_company']) . "%')";
			} ]]>
			</add>
		</operation>
		<operation> 
			<search index ="1"><![CDATA[$implode = array();]]>
			</search> 
			<add position="after"><![CDATA[					
			if (!empty($data['filter_company'])) {
				$implode[] = "customer_id IN (select customer_id FROM " . DB_PREFIX . "address where company LIKE '%" . $this->db->escape($data['filter_company']) . "%')";
			} ]]>
			</add>
		</operation>			
	</file>
	<file path="admin/view/template/customer/customer_list.tpl"> 
		<operation> 
			<search index ="0"><![CDATA[<div class="form-group">]]>
			</search> 
			<add position="before"><![CDATA[					
			<div class="form-group">
                <label class="control-label" for="input-company"><?php echo $entry_company; ?></label>
                <input type="text" name="filter_company" value="<?php echo $filter_company; ?>" placeholder="<?php echo $entry_company; ?>" id="input-company" class="form-control" />
              </div>
     		]]>
			</add>
		</operation>
		<operation> 
			<search index ="0"><![CDATA[var filter_name = $('input[name=\'filter_name\']').val();]]>
			</search> 
			<add position="before"><![CDATA[					
			var filter_company = $('input[name=\'filter_company\']').val();
			
			if (filter_company) {
				url += '&filter_company=' + encodeURIComponent(filter_company);
			}
     		]]>
			</add>
		</operation>
	</file>
	<!-- Kreatiwe Show Customer Company Name  -->
	<file path="admin/controller/customer/customer.php">
		<operation error="skip">
            <search ><![CDATA[
				$login_info = $this->model_customer_customer->getTotalLoginAttempts($result['email']);
			]]></search>
            <add position="after"><![CDATA[
            $companyResults = $this->model_customer_customer->getCustomerCompany($result['customer_id']);
			$companyFinal = $companyResults['company'];
			/* $numItems = count($companyResults);
			$i = 0;
			foreach ($companyResults as $companyResult) {
				if($numItems === 1){
					$companyFinal = $companyResult['company'];
				}
				else{
					if(++$i === $numItems) {
						$companyFinal = $companyFinal . $companyResult['company'];
					}
					else{
						$companyFinal = $companyResult['company'] . ', ';
					}
				}
			} */
			]]></add>
        </operation>
        <operation error="skip">
            <search ><![CDATA[
			'customer_id'    => $result['customer_id'],
			]]></search>
            <add position="before"><![CDATA[
            'company'    => $companyFinal,
			]]></add>
        </operation>
		<operation error="skip">
            <search ><![CDATA[
			$data['column_name'] = $this->language->get('column_name');
			]]></search>
            <add position="before"><![CDATA[
            $data['column_company'] = $this->language->get('column_company');
			]]></add>
        </operation>
		<operation error="skip">
            <search ><![CDATA[
				$data['sort_name'] = $this->url->link('customer/customer', 'token=' . $this->session->data['token'] . '&sort=name' . $url, true);
			]]></search>
            <add position="before"><![CDATA[
            	$data['sort_company'] = $this->url->link('customer/customer', 'token=' . $this->session->data['token'] . '&sort=company' . $url, true);
			]]></add>
        </operation>
	</file>
	<file path="admin/language/en-gb/customer/customer.php">
        <operation error="skip">
            <search ><![CDATA[
			$_['column_name']
			]]></search>
            <add position="before"><![CDATA[
            $_['column_company']           = 'Company';
			]]></add>
        </operation>
	</file>
	<file path="admin/model/customer/customer.php">
        <operation error="skip">
            <search ><![CDATA[
			public function getCustomer($customer_id) {
			]]></search>
            <add position="before"><![CDATA[
            public function getCustomerCompany($customer_id) {
				$query = $this->db->query("SELECT address.company FROM " . DB_PREFIX . "customer as customer INNER JOIN " . DB_PREFIX . "address as address ON customer.customer_id = address.customer_id WHERE customer.customer_id = '" . (int)$customer_id . "'");

				return $query->row;
			}
			]]></add>
        </operation>
	</file>
	<file path="admin/view/template/customer/customer_list.tpl">
		<operation error="skip">
            <search ><![CDATA[
			<td class="text-left"><?php if ($sort == 'name') { ?>
			]]></search>
            <add position="before"><![CDATA[
				<td class="text-left">
					<?php if ($sort == 'company') { ?>
						<a href="<?php echo $sort_company; ?>" class="<?php echo strtolower($order); ?>"><?php echo $column_company; ?></a>
					<?php } else { ?>
						<a href="<?php echo $sort_company; ?>"><?php echo $column_company; ?></a>
					<?php } ?>
				</td>
			]]></add>
        </operation>
        <operation error="skip">
            <search ><![CDATA[
				<td class="text-left"><?php echo $customer['name']; ?></td>
			]]></search>
            <add position="before"><![CDATA[
            	<td class="text-left"><?php echo $customer['company']; ?>
			</td>
			]]></add>
        </operation>
	</file>
</modification>